url,change,changeDescription,multipleCompulsory,department,id,grade,class,name,credit,yearSemester,compulsory,restrict,select,selected,remaining,teacher,room,classTime,description,tags,english
https://selcrs.nsysu.edu.tw/menu5/showoutline.asp?SYEAR=114&SEM=2&CrsDat=MRSC115&Crsname=海洋應用科學,異動,更換部份教師1/28,False,海科院（學）,MRSC115,1,,"海洋應用科學
APPLIED MARINE SCIENCES",2,期,False,150,1,147,3,"劉子銘,方力行,李世緯,樊同雲,歐雅森,邱永盛,鄭源斌,陳信宏","一6,7(海MA 3021)","['67', '', '', '', '', '', '']","《講授類》
海資系、海工系及海科系大一必修 。因教室海MA3021整修，2/23、3/2、3/9、3/16上課教室改為理學院國際會議廳SC1005。","['海洋生物資源與實務應用微學程', '生物資訊與演化生態微學程', '探索海洋國家公園微學程', '看見臺灣海岸微學程', '海洋永續發展產業科技微學程', '自然生物資產微學程', '擁海學程']",True
https://selcrs.nsysu.edu.tw/menu5/showoutline.asp?SYEAR=114&SEM=2&CrsDat=BIOS539&Crsname=分子病毒學,,,False,生科碩,BIOS539,1,,"分子病毒學
MOLECULAR VIROLOGY",3,期,False,50,0,0,50,李哲欣,"五2,3,4(理BI 3001)","['', '', '', '', '234', '', '']","《講授類》
限生科系",[],False
https://selcrs.nsysu.edu.tw/menu5/showoutline.asp?SYEAR=114&SEM=2&CrsDat=BIOS544&Crsname=細胞動力學,,,False,生科碩,BIOS544,1,,"細胞動力學
CELL DYNAMICS",3,期,False,50,0,2,48,陳俊霖,"六9,C,D(理BI 3001)","['', '', '', '', '', '9CD', '']","《講授類》
限生科系",[],False
https://selcrs.nsysu.edu.tw/menu5/showoutline.asp?SYEAR=114&SEM=2&CrsDat=BIOS666&Crsname=親緣基因體學,,,False,生科碩,BIOS666,1,,"親緣基因體學
PHYLOGENOMICS",2,期,False,50,0,8,42,劉世慧,"二C,D(理BI 3001)","['', 'CD', '', '', '', '', '']",《講授類》,[],True
https://selcrs.nsysu.edu.tw/menu5/showoutline.asp?SYEAR=114&SEM=2&CrsDat=BIOS668&Crsname=生物地理學概論,,,False,生科碩,BIOS668,1,,"生物地理學概論
INTRODUCTION TO BIOGEOGRAPHY",3,期,False,50,0,2,48,費卡契,"三2,3,4(理BI 6005)","['', '', '234', '', '', '', '']",《講授類》,[],True
https://selcrs.nsysu.edu.tw/menu5/showoutline.asp?SYEAR=114&SEM=2&CrsDat=PHYS511&Crsname=計算物理（一）,,,False,物理碩,PHYS511,1,全英班,"計算物理（一）
COMPUTATIONAL PHYSICS (I)",3,期,False,50,0,11,39,"莊豐權,黃志權","一8,6,7(理PH 5008)","['678', '', '', '', '', '', '']",《講授類》,['計算物理及人工智慧微學程'],True
https://selcrs.nsysu.edu.tw/menu5/showoutline.asp?SYEAR=114&SEM=2&CrsDat=PHYS511&Crsname=計算物理（一）,,,False,物理碩,PHYS511,1,不分班,"計算物理（一）
COMPUTATIONAL PHYSICS (I)",3,期,False,50,0,11,39,"莊豐權,黃志權","一8,6,7(理PH 5008)","['678', '', '', '', '', '', '']",《講授類》,['計算物理及人工智慧微學程'],True
https://selcrs.nsysu.edu.tw/menu5/showoutline.asp?SYEAR=114&SEM=2&CrsDat=PHYS525A&Crsname=半導體材料與物理,,,False,物理碩,PHYS525A,1,全英班,"半導體材料與物理
SEMICONDUCTOR MATERIALS AND PHYSICS",3,期,False,50,0,23,27,余健文,"二8,6,7(理PH 5008)","['', '678', '', '', '', '', '']",《講授類》,[],True
https://selcrs.nsysu.edu.tw/menu5/showoutline.asp?SYEAR=114&SEM=2&CrsDat=PHYS525A&Crsname=半導體材料與物理,,,False,物理碩,PHYS525A,1,不分班,"半導體材料與物理
SEMICONDUCTOR MATERIALS AND PHYSICS",3,期,False,50,0,23,27,余健文,"二8,6,7(理PH 5008)","['', '678', '', '', '', '', '']",《講授類》,[],True
https://selcrs.nsysu.edu.tw/menu5/showoutline.asp?SYEAR=114&SEM=2&CrsDat=MOES505&Crsname=材料變形與破壞,,,False,材光碩,MOES505,0,,"材料變形與破壞
DEFORMATION AND FRACTURE OF MATERIALS",3,期,False,50,0,16,34,郭哲男,"一5,6,7(工MS 4023)","['567', '', '', '', '', '', '']",《講授類》,['半導體製程模組學程'],False
https://selcrs.nsysu.edu.tw/menu5/showoutline.asp?SYEAR=114&SEM=2&CrsDat=MOES506&Crsname=固態相變化,,,False,材光碩,MOES506,0,,"固態相變化
PHASE TRANSFORMATION IN SOLIDS",3,期,False,50,0,35,15,李廣輝,"四2,3,4(工MS 2004)","['', '', '', '234', '', '', '']",《講授類》,['半導體製程模組學程'],True
https://selcrs.nsysu.edu.tw/menu5/showoutline.asp?SYEAR=114&SEM=2&CrsDat=MOES507&Crsname=電子顯微鏡,,,False,材光碩,MOES507,0,,"電子顯微鏡
ELECTRON MICROSCOPY",3,期,False,40,0,24,16,張志溥,"四7(工MS 4019) 五3,4(工MS 4019)","['', '', '', '7', '34', '', '']",《講授類》,"['半導體製程模組學程', '半導體元件學程']",False
https://selcrs.nsysu.edu.tw/menu5/showoutline.asp?SYEAR=114&SEM=2&CrsDat=MOES511&Crsname=高分子流變學與加工原理,,,False,材光碩,MOES511,0,,"高分子流變學與加工原理
PRINCIPLES OF POLYMER RHEOLOGY AND PROCESSING",3,期,False,50,0,7,43,陳致光,"二2,3,4(工MS 4019)","['', '234', '', '', '', '', '']",《講授類》,[],True
https://selcrs.nsysu.edu.tw/menu5/showoutline.asp?SYEAR=114&SEM=2&CrsDat=MOES514&Crsname=高分子物性,,,False,材光碩,MOES514,0,,"高分子物性
PHYSICAL PROPERTIES OF POLYMERS",3,期,False,50,0,13,37,陳致光,"三2,3,4(工MS 4023)","['', '', '234', '', '', '', '']",《講授類》,[],True
https://selcrs.nsysu.edu.tw/menu5/showoutline.asp?SYEAR=114&SEM=2&CrsDat=MOES522&Crsname=材料集合組織與非等向性,異動,更換教室2/26,False,材光碩,MOES522,0,,"材料集合組織與非等向性
TEXTURE AND ANISOTROPY OF MATERIALS",3,期,False,50,0,16,34,張六文,"三3,4(工MS 4019) 四8(工MS 4019)","['', '', '34', '8', '', '', '']",《講授類》,[],False
https://selcrs.nsysu.edu.tw/menu5/showoutline.asp?SYEAR=114&SEM=2&CrsDat=MOES523&Crsname=固態離子導體,,,False,材光碩,MOES523,0,,"固態離子導體
SOLID STATE IONICS",3,期,False,50,0,4,46,王致傑,"二2,3,4(工MS 4025)","['', '234', '', '', '', '', '']",《講授類》,[],True
https://selcrs.nsysu.edu.tw/menu5/showoutline.asp?SYEAR=114&SEM=2&CrsDat=MOES534&Crsname=鋼鐵製程,,,False,材光碩,MOES534,0,,"鋼鐵製程
STEEL PROCESSING",3,期,False,50,0,12,38,郭哲男,"五8,6,7(工MS 4022)","['', '', '', '', '678', '', '']",《講授類》,[],False
https://selcrs.nsysu.edu.tw/menu5/showoutline.asp?SYEAR=114&SEM=2&CrsDat=MOES536&Crsname=小角度X光與中子散射在軟物質材料之應用,,,False,材光碩,MOES536,0,,"小角度X光與中子散射在軟物質材料之應用
APPLICATIONS OF SMALL ANGLE X-RAY AND NEUTRON SCATTERING IN SOFT MATERIALS",3,期,False,50,0,4,46,蔣酉旺,"二5,6,7(工MS 2004 )","['', '567', '', '', '', '', '']",《講授類》,[],True
https://selcrs.nsysu.edu.tw/menu5/showoutline.asp?SYEAR=114&SEM=2&CrsDat=MOES537&Crsname=光電高分子,,,False,材光碩,MOES537,0,,"光電高分子
POLYMERS IN OPTOELECTRONIC APPLICATIONS",3,期,False,50,0,12,38,曼哈迪,"五C,D,E(工MS 4023)","['', '', '', '', 'CDE', '', '']",《講授類》,[],True
https://selcrs.nsysu.edu.tw/menu5/showoutline.asp?SYEAR=114&SEM=2&CrsDat=MOES538&Crsname=高分子光譜學,,,False,材光碩,MOES538,0,,"高分子光譜學
POLYMER SPECTROSCOPY",3,期,False,50,0,29,21,郭紹偉,"二8,6,7(工MS 4023)","['', '678', '', '', '', '', '']",《講授類》,[],True
